_id,device_id,timestamp,temperature,pressure,humidity,rain,day_or_night,weather
4ffdf445123bb5d2e4ad4fbcc62c30fe,Device0001,2023-03-16T00:01:11.232193,95,29.940979740799822,14,20,1,Thunder
4ffdf445123bb5d2e4ad4fbcc62db31c,Device0001,2023-03-16T00:01:15.435193,66,29.038435324083277,62,76,1,Partly Cloudy
9167b3679fe93f74ec1f48224cc2aaae,Device0001,2023-03-16T00:01:05.951073,61,29.658759914477177,94,9,1,Partly Cloudy
91e88e535af1d03336f841845c044b80,Device0001,2023-03-16T00:00:51.762055,67,29.569026112642703,76,40,0,Thunder
b5c5044ab581b255ddb662d762a4b49b,Device0001,2023-03-16T00:01:02.234624,91,29.235410589303,8,63,1,Partly Cloudy
e053e92d306a0dbfb720bf6c39637c0a,Device0001,2023-03-16T00:00:47.999495,70,29.440836211157905,15,19,0,Thunder
e053e92d306a0dbfb720bf6c396e855b,Device0001,2023-03-16T00:00:56.874048,77,29.45033551604775,97,5,0,Partly Cloudy
e8841909def64d8f69cce0c61824f898,Device0001,2023-03-16T00:00:36.937338,74,29.75192203879319,62,32,0,Fog
